<annotation>
  <folder>frame</folder>
  <filename>frame_000287.PNG</filename>
  <source>
    <database>Unknown</database>
    <annotation>Unknown</annotation>
    <image>Unknown</image>
  </source>
  <size>
    <width>640</width>
    <height>480</height>
    <depth></depth>
  </size>
  <segmented>0</segmented>
  <object>
    <name>coke</name>
    <truncated>0</truncated>
    <occluded>0</occluded>
    <difficult>0</difficult>
    <bndbox>
      <xmin>381.03</xmin>
      <ymin>166.38</ymin>
      <xmax>431.72</xmax>
      <ymax>248.75</ymax>
    </bndbox>
  </object>
</annotation>
