<annotation>
  <folder>frame</folder>
  <filename>frame_000289.PNG</filename>
  <source>
    <database>Unknown</database>
    <annotation>Unknown</annotation>
    <image>Unknown</image>
  </source>
  <size>
    <width>640</width>
    <height>480</height>
    <depth></depth>
  </size>
  <segmented>0</segmented>
  <object>
    <name>coke</name>
    <truncated>0</truncated>
    <occluded>0</occluded>
    <difficult>0</difficult>
    <bndbox>
      <xmin>334.3</xmin>
      <ymin>158.46</ymin>
      <xmax>386.49</xmax>
      <ymax>242.42</ymax>
    </bndbox>
  </object>
</annotation>
