<annotation>
  <folder>frame</folder>
  <filename>frame_000282.PNG</filename>
  <source>
    <database>Unknown</database>
    <annotation>Unknown</annotation>
    <image>Unknown</image>
  </source>
  <size>
    <width>640</width>
    <height>480</height>
    <depth></depth>
  </size>
  <segmented>0</segmented>
  <object>
    <name>coke</name>
    <truncated>0</truncated>
    <occluded>0</occluded>
    <difficult>0</difficult>
    <bndbox>
      <xmin>493.5</xmin>
      <ymin>190.06</ymin>
      <xmax>553.62</xmax>
      <ymax>277.19</ymax>
    </bndbox>
  </object>
</annotation>
