<annotation>
  <folder>frame</folder>
  <filename>frame_000296.PNG</filename>
  <source>
    <database>Unknown</database>
    <annotation>Unknown</annotation>
    <image>Unknown</image>
  </source>
  <size>
    <width>640</width>
    <height>480</height>
    <depth></depth>
  </size>
  <segmented>0</segmented>
  <object>
    <name>coke</name>
    <truncated>0</truncated>
    <occluded>0</occluded>
    <difficult>0</difficult>
    <bndbox>
      <xmin>182.14</xmin>
      <ymin>128.28</ymin>
      <xmax>240.75</xmax>
      <ymax>217.86</ymax>
    </bndbox>
  </object>
</annotation>
