<annotation>
  <folder>frame</folder>
  <filename>frame_000300.PNG</filename>
  <source>
    <database>Unknown</database>
    <annotation>Unknown</annotation>
    <image>Unknown</image>
  </source>
  <size>
    <width>640</width>
    <height>480</height>
    <depth></depth>
  </size>
  <segmented>0</segmented>
  <object>
    <name>coke</name>
    <truncated>0</truncated>
    <occluded>0</occluded>
    <difficult>0</difficult>
    <bndbox>
      <xmin>103.01</xmin>
      <ymin>114.89</ymin>
      <xmax>160.83</xmax>
      <ymax>200.44</ymax>
    </bndbox>
  </object>
</annotation>
