<annotation>
  <folder>frame</folder>
  <filename>frame_000292.PNG</filename>
  <source>
    <database>Unknown</database>
    <annotation>Unknown</annotation>
    <image>Unknown</image>
  </source>
  <size>
    <width>640</width>
    <height>480</height>
    <depth></depth>
  </size>
  <segmented>0</segmented>
  <object>
    <name>coke</name>
    <truncated>0</truncated>
    <occluded>0</occluded>
    <difficult>0</difficult>
    <bndbox>
      <xmin>268.48</xmin>
      <ymin>143.33</ymin>
      <xmax>320.75</xmax>
      <ymax>232.83</ymax>
    </bndbox>
  </object>
</annotation>
