<annotation>
  <folder>frame</folder>
  <filename>frame_000481.PNG</filename>
  <source>
    <database>Unknown</database>
    <annotation>Unknown</annotation>
    <image>Unknown</image>
  </source>
  <size>
    <width>640</width>
    <height>480</height>
    <depth></depth>
  </size>
  <segmented>0</segmented>
  <object>
    <name>cola</name>
    <truncated>0</truncated>
    <occluded>0</occluded>
    <difficult>0</difficult>
    <bndbox>
      <xmin>311.35</xmin>
      <ymin>297.76</ymin>
      <xmax>405.62</xmax>
      <ymax>361.39</ymax>
    </bndbox>
  </object>
</annotation>
